,count,s_0,s_1,s_2,s_3,s_4,s_5,s_6,s_7,s_8,s_9,s_10,s_11,s_12,s_13,s_14,s_15,s_16,s_17,s_18,s_19,s_20,s_21,s_22,s_23,s_24,s_25,s_26,s_27,s_28,s_29,s_30,s_31,s_32,s_33,s_34,s_35,s_36,s_37,s_38,s_39,s_40,s_41,s_42,s_43,s_44,s_45,s_46,s_47,s_48,s_49,s_50,s_51,s_52,s_53,s_54,s_55,s_56,s_57,s_58,s_59,s_60,s_61,s_62,s_63,temperature,humidity
0,0,28499.5,28497.7,1858.8,1858.5,1858.7,1319.4,1319.8,1320.2,8735.1,8739.5,8739.3,1898.5,1898.3,1899.2,4568.8,4568.5,104211.4,104376.6,15572.9,15569.8,15580.9,2724.2,2726.6,2729.1,1573.2,1573.0,1573.2,2538.5,2538.1,2538.7,15638.2,15645.9,24211.2,24227.8,4122.1,4122.0,4121.9,2385.4,2386.6,2387.7,6455.2,6459.1,6460.0,2872.6,2873.4,2874.0,69805.3,69826.7,5700.5,5702.0,1712.4,1712.0,1712.1,4914.1,4914.8,4914.8,1670.0,1669.0,1669.1,1671.8,1671.2,1671.5,5318.0,5318.1,27.309999,29.219999
1,1,28506.5,28520.8,1860.3,1859.5,1859.8,1320.3,1320.4,1321.0,8741.4,8742.4,8745.3,1901.6,1900.7,1901.5,4569.0,4569.2,104207.8,104446.8,15575.0,15572.7,15572.7,2725.3,2728.1,2730.1,1573.3,1573.2,1573.5,2537.5,2537.7,2537.4,15642.4,15647.2,24211.5,24194.9,4122.8,4122.0,4120.9,2386.0,2386.8,2387.6,6454.2,6453.8,6453.5,2870.5,2870.4,2871.2,69757.5,69807.8,5697.6,5698.3,1711.1,1710.3,1710.3,4906.7,4906.2,4906.4,1669.8,1669.2,1669.5,1672.5,1672.8,1672.8,5315.7,5314.9,27.320000,31.120001
2,2,28473.5,28484.0,1858.0,1857.7,1858.1,1317.4,1317.6,1318.3,8737.2,8737.6,8738.9,1895.6,1896.2,1896.4,4566.0,4565.9,104220.3,104471.1,15578.2,15579.4,15583.7,2727.4,2730.1,2731.7,1572.5,1572.6,1572.7,2535.5,2535.1,2535.8,15636.8,15645.6,24188.3,24176.3,4107.9,4106.8,4107.3,2385.2,2385.7,2387.2,6436.1,6436.3,6436.2,2859.1,2859.5,2860.3,69639.1,69691.6,5695.2,5695.7,1711.1,1710.1,1710.6,4911.3,4911.6,4911.8,1670.4,1670.0,1670.1,1673.0,1672.2,1672.2,5318.9,5318.8,27.340000,32.090000
3,3,28508.1,28526.1,1860.5,1860.1,1860.7,1319.1,1319.4,1319.9,8743.9,8744.6,8749.8,1900.1,1900.2,1900.6,4567.9,4568.4,104262.5,104260.7,15584.1,15580.2,15590.6,2730.1,2732.1,2734.2,1573.9,1573.8,1574.0,2537.3,2537.0,2537.8,15648.2,15649.3,24198.0,24208.1,4107.2,4106.4,4106.8,2386.8,2387.7,2388.5,6443.7,6446.1,6445.7,2861.3,2861.9,2862.6,69742.6,69885.9,5699.9,5699.2,1713.0,1712.5,1712.7,4915.1,4916.3,4916.8,1671.6,1671.1,1671.2,1672.9,1672.6,1672.3,5317.1,5318.9,27.309999,33.950001
4,4,28522.3,28533.2,1861.3,1861.0,1861.3,1320.7,1320.9,1321.6,8748.0,8748.7,8750.1,1902.3,1902.4,1903.2,4568.6,4569.0,104150.4,104044.9,15592.7,15602.5,15595.9,2730.4,2732.9,2735.3,1574.4,1574.4,1574.5,2537.0,2537.2,2538.5,15639.2,15646.0,24185.6,24168.3,4103.1,4101.7,4101.9,2387.5,2387.7,2388.4,6436.9,6437.7,6436.9,2857.0,2856.5,2857.6,69716.1,69792.0,5698.2,5698.1,1713.0,1712.7,1712.7,4912.5,4912.8,4913.2,1671.4,1670.6,1671.1,1673.6,1672.5,1673.0,5317.5,5316.6,27.350000,34.360001
5,5,28503.1,28512.0,1859.1,1858.5,1858.4,1319.0,1319.0,1319.6,8741.1,8741.9,8741.8,1896.5,1896.6,1896.3,4565.2,4565.8,103975.2,104292.1,15594.6,15613.7,15616.0,2732.4,2735.4,2737.6,1573.6,1573.6,1573.8,2535.6,2535.2,2535.6,15641.4,15648.9,24213.1,24193.0,4090.3,4089.6,4090.9,2387.3,2388.2,2389.5,6425.5,6428.3,6429.8,2846.7,2847.4,2848.8,69716.1,69807.8,5697.1,5696.0,1708.3,1707.8,1708.2,4903.2,4903.4,4903.8,1671.9,1671.0,1670.9,1674.2,1672.8,1673.7,5315.4,5316.1,27.320000,34.340000
6,6,28509.7,28509.7,1860.0,1859.5,1859.9,1317.0,1317.1,1317.8,8747.3,8748.7,8750.6,1898.0,1897.7,1898.2,4567.2,4567.4,103991.3,104301.1,15599.5,15596.7,15608.8,2732.3,2734.9,2737.1,1577.6,1577.7,1577.8,2540.2,2540.0,2541.0,15648.2,15656.5,24266.5,24241.9,4120.2,4119.8,4120.2,2389.7,2390.3,2391.2,6471.3,6470.4,6470.9,2866.8,2866.7,2867.8,69846.4,69898.4,5696.6,5695.9,1710.7,1709.9,1710.3,4909.6,4909.1,4910.2,1672.1,1671.4,1671.5,1674.2,1672.9,1673.2,5315.9,5316.0,27.340000,35.980000
7,7,28513.2,28534.9,1861.4,1861.2,1861.3,1319.0,1319.4,1319.9,8748.9,8749.6,8751.4,1900.4,1900.3,1900.4,4567.8,4568.0,104152.2,104520.7,15607.0,15610.3,15611.1,2732.4,2735.2,2736.9,1578.3,1578.0,1578.4,2540.1,2541.1,2541.1,15653.5,15656.2,24202.0,24225.1,4123.6,4122.9,4123.1,2389.6,2390.1,2391.6,6465.9,6466.9,6467.4,2868.5,2868.9,2869.9,69737.0,69848.0,5697.9,5697.6,1711.6,1710.8,1711.4,4910.4,4911.4,4911.9,1673.3,1672.2,1672.5,1674.4,1674.2,1673.9,5312.9,5312.6,27.340000,36.060001
8,8,28503.6,28515.6,1861.7,1860.9,1861.1,1320.0,1320.0,1320.7,8751.6,8752.0,8751.7,1900.7,1899.9,1900.1,4567.6,4567.9,104090.5,104325.4,15618.5,15626.3,15640.3,2734.1,2736.9,2739.1,1576.5,1576.4,1576.5,2536.1,2536.7,2536.2,15648.9,15651.4,24202.7,24186.6,4097.3,4095.8,4095.1,2387.5,2388.1,2389.0,6425.2,6424.7,6426.8,2847.6,2847.4,2848.5,69809.4,69994.6,5695.1,5695.6,1711.6,1710.7,1710.6,4913.1,4912.0,4913.1,1672.7,1671.9,1672.4,1674.6,1674.3,1674.2,5317.2,5316.6,27.309999,35.490002
9,9,28500.2,28497.7,1860.5,1860.2,1860.7,1318.2,1318.6,1319.1,8749.3,8749.8,8751.3,1897.2,1897.9,1898.3,4566.9,4566.4,104235.6,104365.8,15632.1,15635.5,15638.0,2736.5,2739.2,2742.0,1576.2,1576.0,1576.3,2536.3,2536.0,2536.2,15639.7,15646.5,24204.1,24209.4,4081.9,4081.4,4080.3,2387.5,2388.2,2389.4,6421.1,6419.0,6421.0,2837.0,2837.5,2838.3,69721.3,69679.2,5696.8,5696.5,1710.6,1709.9,1710.1,4912.3,4912.7,4914.3,1673.4,1672.8,1672.9,1675.3,1675.2,1675.6,5317.2,5317.8,27.350000,35.750000
10,10,28553.4,28552.1,1863.7,1863.3,1863.4,1321.1,1321.4,1321.6,8756.2,8757.3,8757.0,1902.2,1902.1,1902.1,4568.3,4568.5,104283.1,104511.7,15641.1,15641.9,15645.4,2737.8,2740.7,2742.9,1578.0,1578.0,1578.2,2537.7,2537.6,2537.9,15649.7,15654.4,24204.6,24200.0,4091.5,4091.0,4091.5,2389.5,2390.1,2390.7,6441.8,6443.0,6443.8,2844.3,2845.5,2846.2,69734.2,69841.6,5698.2,5698.3,1711.2,1710.3,1710.4,4912.7,4913.0,4912.7,1673.5,1673.2,1673.3,1674.6,1674.0,1674.4,5311.1,5311.9,27.350000,36.910000
11,11,28509.4,28519.6,1862.4,1862.1,1862.4,1320.0,1320.3,1320.9,8753.8,8756.4,8754.8,1900.9,1900.6,1900.7,4568.3,4568.3,104312.8,104413.5,15645.9,15643.9,15662.0,2738.0,2741.0,2743.5,1578.7,1578.7,1578.9,2537.5,2538.0,2537.8,15645.2,15654.9,24240.6,24212.6,4092.7,4091.2,4091.3,2389.7,2390.2,2391.4,6434.2,6434.7,6435.6,2841.7,2841.8,2842.9,69728.5,69916.6,5700.2,5698.9,1711.8,1711.3,1711.7,4917.8,4918.1,4918.2,1675.2,1674.2,1674.5,1675.2,1675.2,1675.2,5315.2,5315.6,27.340000,36.860001
12,12,28532.6,28542.7,1864.3,1864.0,1864.3,1322.0,1322.1,1322.8,8757.6,8759.6,8760.0,1904.8,1904.7,1904.0,4569.9,4569.8,104321.8,104302.9,15646.3,15644.6,15652.8,2738.9,2742.1,2744.3,1578.9,1578.8,1579.1,2537.8,2538.1,2538.7,15648.7,15656.6,24213.4,24213.7,4088.7,4088.4,4088.7,2389.6,2390.2,2391.1,6439.9,6441.0,6443.3,2840.1,2841.0,2841.7,69773.1,69894.4,5699.6,5698.6,1713.3,1712.7,1712.5,4917.3,4916.9,4916.3,1674.8,1674.0,1674.6,1675.2,1675.1,1675.2,5313.1,5314.1,27.340000,36.889999
13,13,28529.4,28559.0,1863.0,1862.8,1862.8,1321.5,1321.6,1322.3,8754.4,8755.6,8756.7,1901.2,1901.2,1901.5,4568.3,4567.7,104154.9,104258.9,15642.7,15640.1,15647.7,2739.9,2743.3,2745.3,1578.7,1578.7,1578.9,2535.7,2535.1,2535.3,15639.9,15649.8,24183.3,24197.7,4064.8,4063.9,4063.1,2388.2,2389.3,2390.2,6412.4,6413.7,6413.7,2820.8,2822.0,2822.2,69680.0,69661.1,5693.2,5694.6,1708.6,1708.0,1708.1,4909.0,4908.5,4908.8,1674.1,1673.8,1673.6,1674.7,1674.5,1674.7,5315.5,5314.8,27.350000,36.700001
14,14,28512.7,28546.9,1862.4,1862.0,1862.0,1318.0,1318.3,1319.1,8752.2,8754.8,8753.8,1897.0,1896.7,1897.0,4566.2,4566.5,104197.0,104596.5,15646.6,15653.8,15661.8,2741.3,2744.1,2746.6,1579.0,1579.0,1579.3,2535.6,2535.4,2536.5,15649.1,15651.1,24188.4,24189.1,4062.8,4063.0,4062.5,2389.4,2390.1,2391.1,6417.4,6419.2,6421.0,2818.9,2819.4,2820.4,69796.1,69787.2,5696.5,5695.9,1708.4,1707.4,1708.0,4910.3,4911.2,4912.0,1675.3,1674.6,1674.7,1675.7,1675.0,1675.4,5311.2,5307.8,27.340000,37.349998
15,15,28514.6,28526.4,1862.7,1862.5,1862.6,1318.6,1318.7,1319.5,8755.3,8756.7,8757.3,1898.3,1898.5,1898.9,4566.7,4566.4,104099.4,104436.0,15658.4,15668.9,15667.0,2741.5,2743.8,2746.4,1581.5,1581.5,1581.8,2537.9,2537.7,2537.9,15648.6,15653.7,24196.2,24195.0,4083.1,4083.2,4084.8,2390.9,2391.6,2392.9,6447.0,6448.9,6451.0,2832.4,2832.7,2834.0,69802.5,69874.6,5694.5,5696.5,1707.8,1707.3,1707.5,4912.5,4912.7,4914.3,1675.6,1674.9,1675.0,1676.1,1675.7,1675.9,5309.3,5309.0,27.320000,38.910000
16,16,28524.8,28540.1,1864.8,1865.0,1864.9,1319.9,1320.4,1321.0,8763.7,8767.1,8767.1,1904.6,1904.7,1905.2,4569.5,4569.7,104150.4,104367.6,15663.5,15671.6,15673.4,2741.3,2744.3,2746.6,1582.4,1582.3,1582.6,2538.5,2538.5,2539.4,15652.0,15652.0,24177.2,24185.8,4082.8,4081.3,4082.1,2390.7,2391.4,2392.3,6438.7,6441.7,6442.9,2831.1,2831.8,2832.3,69815.0,69876.2,5697.2,5697.1,1709.9,1709.4,1709.7,4916.7,4916.8,4917.7,1676.5,1676.4,1676.2,1676.0,1675.4,1676.0,5312.7,5313.4,27.320000,39.470001
17,17,28535.9,28517.7,1864.4,1864.1,1864.6,1320.8,1321.2,1321.8,8761.6,8763.9,8764.9,1902.7,1902.9,1903.1,4569.2,4569.3,104090.5,104279.5,15661.1,15661.0,15668.3,2742.0,2745.0,2747.0,1583.4,1583.6,1583.7,2538.8,2538.9,2539.5,15656.0,15656.8,24168.6,24173.9,4082.7,4082.9,4082.6,2391.1,2391.8,2393.5,6445.5,6447.0,6448.3,2829.4,2830.4,2831.5,69782.8,69833.1,5699.1,5698.8,1712.5,1711.5,1711.7,4925.0,4925.7,4926.4,1677.1,1676.2,1676.3,1676.9,1676.6,1676.1,5317.5,5318.1,27.370001,38.459999
18,18,28545.7,28546.5,1866.3,1865.9,1866.0,1323.2,1323.4,1324.1,8767.0,8764.8,8770.0,1906.8,1907.2,1907.3,4571.4,4571.6,104220.3,104327.1,15660.5,15665.7,15665.9,2742.4,2745.2,2748.1,1584.7,1584.8,1585.0,2541.1,2541.3,2540.8,15654.0,15653.1,24175.4,24174.0,4087.8,4086.2,4086.0,2391.5,2392.3,2393.2,6445.8,6446.2,6448.0,2831.5,2832.5,2833.0,69740.2,69865.4,5700.6,5700.3,1713.9,1712.6,1713.2,4923.9,4924.6,4925.3,1677.1,1676.3,1676.6,1675.9,1675.7,1675.5,5321.0,5319.3,27.370001,38.299999
19,19,28537.0,28554.0,1865.7,1865.5,1865.5,1323.1,1323.1,1323.9,8765.4,8764.2,8766.8,1903.8,1903.5,1903.4,4569.9,4569.6,104129.0,104244.5,15667.7,15666.8,15681.3,2743.1,2745.6,2748.0,1585.5,1585.5,1585.6,2541.2,2540.3,2540.8,15642.5,15657.8,24198.8,24194.8,4081.1,4079.7,4079.6,2391.7,2392.6,2393.7,6439.8,6439.9,6441.9,2825.2,2826.0,2826.0,69628.3,69775.6,5696.3,5696.8,1711.3,1710.8,1710.9,4918.6,4919.4,4919.4,1677.2,1676.4,1676.8,1675.3,1675.6,1675.4,5318.6,5317.5,27.350000,37.220001
20,20,28523.7,28550.2,1865.1,1864.7,1864.8,1322.0,1322.1,1323.0,8766.2,8765.8,8767.5,1903.6,1903.4,1904.2,4569.6,4569.8,104302.9,104472.9,15668.2,15683.4,15673.7,2743.0,2745.7,2748.5,1586.4,1586.4,1586.7,2541.5,2541.5,2542.1,15647.6,15652.0,24215.4,24225.0,4096.0,4094.7,4094.8,2393.0,2393.9,2394.8,6461.3,6462.1,6462.0,2834.2,2834.9,2835.5,69735.4,69866.2,5699.5,5700.6,1712.9,1712.3,1712.7,4924.1,4924.9,4925.1,1677.9,1677.0,1677.1,1675.2,1674.9,1675.5,5314.9,5310.5,27.340000,37.360001
21,21,28543.9,28545.3,1866.6,1866.2,1866.7,1323.9,1324.0,1324.4,8768.6,8770.6,8772.6,1906.1,1905.6,1905.5,4571.1,4571.2,104304.7,104349.6,15666.0,15668.0,15678.0,2743.2,2745.4,2747.8,1590.4,1590.6,1590.9,2546.6,2546.5,2547.5,15662.3,15662.6,24228.2,24241.1,4130.1,4129.2,4129.1,2396.2,2396.3,2397.5,6504.0,6504.5,6507.1,2855.1,2855.9,2856.8,69953.0,69993.0,5698.8,5698.7,1710.7,1709.7,1709.8,4917.4,4918.3,4917.4,1677.3,1677.2,1677.4,1675.5,1675.2,1675.4,5319.1,5317.9,27.340000,37.509998
22,22,28540.9,28536.5,1866.6,1866.7,1866.9,1322.2,1322.5,1323.1,8767.2,8768.8,8770.7,1903.8,1903.3,1904.1,4570.5,4570.3,104253.5,104320.0,15679.3,15674.8,15671.7,2742.8,2746.0,2748.2,1587.5,1587.4,1587.7,2540.5,2540.5,2540.7,15652.4,15654.3,24205.5,24194.1,4085.7,4084.8,4084.3,2392.1,2392.9,2394.4,6438.8,6437.8,6440.5,2823.1,2824.5,2824.3,69690.8,69831.5,5698.0,5697.7,1709.1,1708.3,1708.4,4915.4,4916.8,4916.6,1678.4,1677.5,1677.5,1675.1,1675.1,1675.2,5314.5,5316.0,27.350000,36.660000
23,23,28539.1,28566.5,1866.9,1866.6,1867.2,1320.9,1321.3,1321.9,8770.3,8770.9,8771.7,1904.0,1904.3,1904.2,4569.9,4570.2,104339.7,104374.8,15670.6,15683.7,15686.1,2744.3,2747.2,2749.3,1588.7,1588.7,1588.9,2542.7,2541.9,2542.4,15654.1,15656.1,24212.7,24196.3,4084.8,4083.2,4082.7,2392.9,2393.3,2394.4,6448.5,6450.1,6450.0,2823.9,2824.0,2824.6,69726.1,69818.2,5697.9,5698.9,1708.6,1708.4,1708.6,4917.0,4916.8,4918.4,1678.8,1678.3,1678.1,1674.4,1674.3,1675.2,5315.8,5316.4,27.340000,37.209999
24,24,28528.6,28529.8,1865.8,1865.4,1865.4,1320.3,1320.8,1321.3,8765.1,8767.8,8768.9,1900.2,1900.0,1900.4,4568.8,4568.6,104059.2,104302.9,15675.0,15683.5,15680.8,2744.5,2747.4,2750.2,1588.9,1588.9,1589.1,2541.8,2542.1,2542.8,15652.7,15652.2,24202.6,24181.2,4085.7,4084.6,4084.5,2393.0,2393.8,2394.9,6453.6,6453.6,6455.1,2821.5,2822.3,2823.1,69749.0,70001.9,5694.5,5694.4,1707.5,1707.0,1707.2,4917.9,4918.2,4919.1,1679.1,1678.5,1678.5,1676.1,1675.9,1676.0,5319.2,5317.2,27.370001,38.029999
25,25,28543.5,28557.9,1867.6,1867.0,1867.3,1320.7,1321.2,1321.7,8774.4,8772.4,8774.6,1904.2,1903.5,1904.0,4569.5,4569.2,104230.2,104367.6,15683.7,15683.2,15693.7,2745.5,2748.2,2750.6,1589.4,1589.5,1589.7,2541.4,2541.9,2542.2,15656.1,15659.8,24203.5,24219.5,4079.6,4079.4,4079.3,2392.9,2393.6,2394.7,6452.0,6453.5,6456.2,2817.9,2818.4,2819.2,69757.5,70026.6,5696.8,5698.9,1709.3,1708.6,1708.9,4924.6,4924.8,4926.3,1680.2,1679.3,1679.9,1676.9,1676.4,1676.5,5322.0,5319.8,27.350000,39.139999
26,26,28540.5,28552.2,1868.1,1867.8,1868.0,1322.1,1322.3,1323.0,8775.5,8776.1,8778.8,1907.2,1907.9,1908.4,4571.5,4571.4,104172.8,104378.4,15680.1,15686.7,15681.1,2744.9,2747.8,2750.0,1592.0,1591.9,1592.2,2543.5,2543.7,2543.7,15658.6,15650.9,24222.5,24232.7,4094.9,4093.5,4093.0,2393.7,2394.3,2395.3,6466.6,6466.2,6467.2,2825.5,2825.9,2826.3,69900.9,70003.5,5698.0,5699.6,1711.6,1710.5,1711.0,4926.4,4925.9,4927.3,1680.8,1680.3,1680.2,1676.6,1676.2,1676.9,5321.1,5318.2,27.370001,39.680000
27,27,28555.1,28562.3,1868.9,1868.4,1868.7,1323.5,1323.8,1324.4,8776.7,8777.4,8778.5,1908.1,1908.2,1908.6,4571.7,4571.7,104330.8,104417.1,15676.5,15680.3,15689.6,2746.2,2748.3,2751.1,1591.6,1591.5,1591.8,2543.4,2543.2,2543.3,15655.9,15664.4,24269.5,24266.0,4081.4,4081.2,4080.7,2393.4,2393.9,2395.2,6456.0,6456.5,6456.9,2817.1,2817.7,2818.0,69848.8,69901.7,5697.9,5697.9,1710.7,1710.0,1710.1,4922.8,4923.0,4923.3,1680.8,1680.1,1680.4,1677.3,1676.1,1676.1,5318.7,5318.9,27.370001,38.849998
28,28,28547.5,28546.3,1867.5,1867.1,1867.3,1321.9,1322.1,1322.7,8771.8,8774.4,8775.7,1904.5,1904.4,1904.4,4569.6,4569.5,104362.2,104535.1,15683.8,15688.8,15691.8,2747.3,2749.8,2752.0,1592.0,1592.0,1592.2,2542.1,2542.3,2542.5,15658.8,15662.9,24240.3,24249.8,4077.6,4077.4,4076.1,2392.9,2393.9,2394.7,6455.7,6454.3,6455.8,2810.3,2811.1,2812.0,69724.5,69900.0,5695.8,5697.0,1705.8,1705.6,1705.5,4915.6,4915.0,4916.0,1680.6,1680.2,1680.3,1676.5,1675.2,1675.7,5318.2,5317.9,27.379999,38.619999
29,29,28530.1,28545.6,1867.5,1867.4,1867.5,1319.2,1319.4,1320.2,8777.0,8779.1,8777.9,1902.3,1902.3,1902.9,4569.5,4569.4,103707.3,104529.7,15695.1,15705.1,15700.0,2748.3,2750.4,2752.6,1592.9,1592.8,1592.9,2543.5,2542.8,2543.7,15655.1,15661.2,24270.5,24272.2,4077.8,4076.8,4077.1,2393.1,2393.9,2394.6,6460.7,6460.3,6461.1,2809.2,2809.7,2810.8,69730.1,69929.9,5695.8,5696.5,1707.1,1706.6,1706.6,4923.3,4922.6,4923.6,1681.3,1680.8,1681.2,1675.9,1676.1,1676.2,5318.2,5316.2,27.389999,39.650002
30,30,28545.6,28549.0,1868.8,1868.2,1868.5,1320.6,1320.8,1321.4,8778.7,8781.0,8781.6,1905.7,1905.1,1905.6,4569.7,4570.3,104365.8,104316.4,15689.5,15691.5,15700.1,2748.8,2751.9,2754.8,1594.0,1593.9,1594.2,2543.9,2544.0,2544.7,15656.4,15663.7,24243.6,24259.1,4081.2,4080.9,4079.6,2393.5,2394.6,2395.6,6466.3,6467.6,6465.2,2809.9,2811.0,2812.0,69795.3,69873.0,5697.9,5696.8,1707.6,1707.1,1707.0,4923.3,4923.8,4924.4,1682.4,1681.7,1682.4,1677.0,1675.9,1675.7,5319.9,5321.1,27.389999,40.840000
31,31,28550.6,28562.2,1869.4,1869.0,1869.1,1321.1,1321.3,1322.0,8783.5,8785.1,8784.3,1906.4,1907.1,1907.3,4570.8,4571.1,104328.9,104454.0,15699.1,15697.7,15700.0,2749.2,2752.3,2754.4,1595.4,1595.3,1595.5,2544.6,2543.8,2544.8,15655.7,15654.4,24228.6,24237.5,4082.9,4081.6,4081.5,2393.7,2394.3,2395.7,6469.7,6471.5,6471.1,2810.1,2810.7,2811.5,69807.8,69891.2,5697.3,5698.7,1709.2,1708.2,1708.5,4926.6,4927.3,4927.2,1683.0,1682.4,1682.7,1675.5,1675.0,1675.0,5322.0,5321.4,27.379999,41.119999
32,32,28559.2,28577.7,1869.6,1869.1,1869.6,1321.5,1321.8,1322.5,8784.0,8784.7,8785.5,1907.6,1907.3,1907.8,4571.0,4570.7,104118.2,104483.7,15696.4,15699.0,15702.4,2750.4,2753.6,2756.1,1596.3,1596.4,1596.4,2544.8,2544.4,2545.1,15655.3,15665.7,24274.4,24272.6,4079.7,4078.9,4079.2,2394.2,2394.6,2395.8,6475.7,6474.8,6476.3,2808.9,2810.5,2811.1,69851.2,69817.4,5697.4,5699.3,1710.4,1709.5,1710.3,4931.1,4931.0,4931.5,1684.7,1684.0,1683.8,1677.1,1676.7,1676.9,5323.7,5321.1,27.370001,41.099998
33,33,28570.8,28583.4,1871.5,1871.1,1871.1,1323.9,1324.2,1324.7,8790.3,8791.4,8793.4,1910.9,1911.0,1911.5,4573.3,4572.9,104178.2,104583.9,15716.8,15719.8,15722.3,2749.8,2752.3,2754.5,1598.9,1598.9,1599.0,2546.6,2547.5,2548.4,15668.2,15669.3,24289.6,24300.5,4094.1,4092.8,4093.0,2395.1,2396.1,2396.9,6492.4,6492.2,6493.5,2817.7,2818.2,2819.1,69900.9,69977.2,5700.4,5701.2,1711.1,1710.6,1711.0,4930.3,4932.1,4932.6,1684.4,1684.1,1684.1,1676.2,1675.3,1676.1,5323.3,5325.0,27.379999,41.200001
34,34,28581.1,28585.9,1871.9,1871.4,1871.9,1324.8,1325.1,1325.7,8789.7,8791.9,8793.4,1912.3,1911.9,1911.9,4573.7,4574.1,104384.7,104585.7,15719.5,15713.5,15716.9,2749.8,2752.3,2754.5,1599.8,1599.8,1600.0,2547.1,2547.2,2547.4,15661.3,15668.2,24276.0,24264.0,4095.4,4094.7,4094.7,2395.3,2396.1,2396.6,6492.0,6491.7,6492.6,2817.4,2818.2,2818.4,69918.2,70027.8,5700.9,5700.9,1711.2,1710.4,1710.5,4931.9,4931.7,4932.3,1684.6,1683.9,1684.3,1677.6,1676.8,1676.3,5321.5,5320.3,27.379999,40.259998
35,35,28562.6,28562.7,1872.1,1871.5,1871.7,1325.2,1325.4,1326.1,8792.6,8795.1,8794.9,1912.4,1911.8,1912.5,4573.9,4574.1,104207.8,104441.4,15710.3,15715.7,15725.6,2750.2,2753.4,2755.2,1599.9,1599.8,1600.1,2547.7,2547.5,2547.8,15663.7,15666.1,24271.9,24271.8,4091.4,4089.5,4089.1,2395.2,2395.7,2396.4,6485.1,6486.4,6487.2,2810.4,2810.9,2811.8,69877.1,69923.1,5700.1,5698.8,1710.9,1710.3,1710.5,4932.6,4932.4,4933.9,1685.3,1684.3,1685.0,1677.0,1676.8,1677.1,5323.3,5321.8,27.410000,39.730000
36,36,28558.6,28578.1,1871.1,1870.5,1870.6,1324.2,1324.2,1324.8,8790.8,8792.5,8791.6,1910.2,1909.6,1910.3,4572.5,4574.2,104158.5,104504.5,15725.1,15727.5,15731.1,2751.8,2754.8,2756.8,1600.1,1599.9,1600.2,2546.8,2546.7,2547.1,15663.1,15662.3,24277.6,24273.3,4086.7,4086.2,4085.2,2394.5,2395.0,2396.1,6486.1,6485.5,6487.2,2805.2,2805.9,2806.8,69851.2,69881.9,5697.2,5698.1,1707.4,1707.2,1707.6,4927.6,4928.0,4928.9,1685.0,1684.4,1684.8,1677.1,1676.4,1676.9,5322.5,5320.5,27.389999,39.709999
37,37,28552.9,28558.8,1870.7,1869.9,1870.1,1322.1,1322.2,1323.0,8789.5,8791.1,8792.9,1907.0,1906.4,1907.3,4571.0,4571.3,104297.5,104355.0,15719.1,15720.8,15715.5,2752.0,2755.1,2758.1,1600.8,1600.8,1601.1,2548.1,2548.3,2548.1,15664.3,15671.4,24313.3,24316.3,4089.6,4088.3,4088.6,2395.7,2396.0,2397.2,6492.7,6494.2,6493.2,2803.8,2804.1,2805.3,69789.6,70011.2,5698.4,5698.3,1706.5,1706.1,1706.1,4928.8,4929.0,4929.4,1686.0,1685.2,1685.4,1678.1,1676.8,1677.4,5322.9,5323.6,27.389999,40.570000
38,38,28563.4,28578.6,1873.2,1872.9,1873.3,1323.4,1323.7,1324.4,8799.0,8800.7,8801.9,1913.6,1913.7,1913.6,4574.3,4574.4,104223.9,104474.7,15749.6,15719.7,15737.4,2751.8,2754.2,2757.4,1603.1,1603.2,1603.4,2549.0,2549.0,2549.8,15666.0,15668.6,24330.7,24318.6,4093.2,4092.3,4091.9,2395.9,2396.3,2397.4,6500.8,6499.0,6501.1,2806.7,2807.3,2808.6,69873.0,69977.2,5699.9,5698.6,1707.5,1707.0,1707.8,4928.7,4928.9,4930.2,1685.9,1685.2,1685.6,1677.9,1677.4,1677.3,5323.1,5321.9,27.410000,41.689999
39,39,28586.7,28582.5,1872.7,1872.2,1872.5,1323.6,1324.0,1324.5,8799.6,8802.0,8801.2,1911.8,1912.4,1912.7,4573.8,4574.1,104094.1,104380.2,15734.4,15738.5,15739.3,2752.7,2755.6,2757.9,1604.4,1604.4,1604.6,2550.3,2550.5,2550.3,15666.5,15672.9,24329.3,24322.7,4097.7,4097.1,4096.8,2395.9,2396.5,2397.8,6507.0,6507.2,6508.2,2808.8,2809.1,2809.8,69893.6,69996.2,5699.6,5700.4,1708.5,1707.6,1707.6,4929.2,4929.3,4929.2,1685.8,1685.1,1685.5,1676.4,1676.3,1675.9,5320.6,5321.1,27.410000,41.480000
40,40,28559.6,28569.2,1871.9,1871.8,1871.6,1322.0,1322.3,1323.1,8797.3,8797.1,8799.7,1907.8,1907.6,1908.0,4572.4,4572.3,104209.6,104626.3,15742.8,15731.7,15746.4,2753.0,2755.4,2757.6,1605.1,1605.2,1605.6,2550.2,2550.0,2550.7,15675.4,15680.1,24345.1,24347.2,4100.4,4100.3,4099.5,2396.3,2397.3,2398.1,6508.7,6511.3,6511.0,2807.8,2808.1,2809.4,69857.3,69980.5,5698.8,5698.4,1704.9,1704.4,1704.3,4928.3,4928.8,4929.1,1686.3,1685.7,1685.8,1678.0,1677.0,1677.3,5325.7,5326.0,27.410000,41.240002
41,41,28571.7,28576.0,1872.7,1872.3,1872.1,1320.9,1321.4,1322.2,8802.3,8803.8,8806.1,1911.7,1912.1,1911.8,4574.0,4574.2,104400.9,104202.4,15727.3,15727.9,15735.0,2752.5,2755.7,2757.5,1607.8,1607.9,1608.0,2552.6,2553.3,2554.0,15676.2,15680.7,24364.0,24360.3,4136.2,4135.9,4136.3,2399.0,2399.8,2400.8,6549.4,6551.5,6551.9,2829.7,2830.7,2831.7,70084.2,70073.2,5701.6,5698.6,1706.0,1705.6,1705.7,4933.4,4932.9,4934.2,1687.1,1686.5,1686.5,1677.3,1676.6,1676.5,5322.7,5324.8,27.420000,41.990002
42,42,28569.6,28582.4,1872.9,1872.8,1872.9,1322.3,1322.6,1323.2,8803.2,8805.5,8806.1,1912.9,1912.7,1912.6,4575.1,4574.8,104279.5,104095.8,15716.8,15724.7,15722.1,2750.9,2753.6,2755.9,1609.8,1609.8,1610.0,2554.7,2554.4,2554.9,15672.6,15679.8,24338.4,24362.7,4152.2,4151.8,4151.6,2399.1,2399.5,2401.3,6556.7,6556.7,6557.1,2837.8,2838.1,2838.6,70103.2,70213.8,5701.1,5698.6,1707.5,1707.5,1707.3,4938.1,4939.5,4939.3,1687.9,1687.1,1687.3,1678.3,1677.6,1677.6,5326.6,5327.5,27.389999,41.619999
43,43,28595.1,28609.4,1875.0,1874.3,1874.4,1324.6,1324.8,1325.6,8810.4,8811.2,8811.1,1915.7,1915.4,1915.4,4576.1,4575.8,104262.5,104480.1,15736.7,15728.4,15735.5,2752.9,2755.8,2758.5,1608.4,1608.3,1608.3,2552.4,2551.8,2551.9,15682.5,15687.6,24324.5,24321.2,4129.3,4128.7,4128.4,2398.0,2398.6,2399.7,6525.8,6528.5,6528.0,2821.2,2821.7,2822.6,69993.0,70035.1,5698.0,5697.9,1704.8,1704.2,1704.4,4932.7,4933.2,4933.9,1687.8,1687.4,1687.5,1678.0,1677.2,1677.8,5323.4,5324.0,27.410000,40.720001
44,44,28568.3,28569.1,1874.6,1873.8,1874.3,1321.9,1322.4,1322.9,8809.4,8811.7,8811.6,1913.0,1912.6,1913.4,4575.6,4575.4,104113.7,104592.9,15736.4,15734.5,15735.7,2753.5,2756.3,2759.3,1610.8,1611.0,1611.2,2555.3,2555.2,2555.5,15685.2,15693.9,24376.1,24394.8,4155.4,4156.0,4156.6,2400.8,2401.0,2402.2,6569.6,6571.6,6573.0,2839.0,2840.6,2841.8,70107.3,70093.1,5701.7,5701.8,1707.9,1707.1,1707.8,4941.1,4940.2,4940.9,1688.8,1687.9,1687.7,1678.2,1677.4,1677.5,5326.5,5326.4,27.410000,40.470001
45,45,28572.4,28584.4,1874.5,1874.4,1875.2,1323.1,1323.6,1324.5,8812.2,8815.0,8816.7,1915.9,1915.9,1916.4,4577.7,4578.5,104197.0,104600.1,15729.2,15730.6,15733.0,2750.1,2753.2,2755.9,1613.6,1613.7,1613.9,2558.7,2559.2,2559.0,15682.5,15686.0,24383.9,24372.1,4180.3,4179.8,4180.4,2401.9,2402.3,2403.4,6592.6,6594.4,6596.4,2853.8,2855.0,2855.1,70119.9,70190.6,5706.1,5706.7,1710.1,1709.5,1709.6,4946.3,4946.1,4946.6,1690.1,1688.7,1689.2,1678.2,1677.2,1677.4,5329.8,5331.4,27.420000,40.660000
46,46,28597.8,28615.1,1876.1,1875.9,1876.0,1326.5,1326.7,1327.3,8815.8,8819.5,8819.8,1918.3,1917.9,1918.8,4577.8,4578.4,104141.5,104316.4,15727.9,15736.0,15734.1,2749.1,2751.3,2753.3,1615.5,1615.5,1615.7,2561.5,2560.8,2561.7,15690.5,15696.7,24400.3,24383.7,4200.9,4200.0,4200.0,2403.2,2403.8,2404.4,6608.8,6607.1,6609.6,2863.4,2864.5,2865.6,70143.9,70276.6,5707.2,5705.5,1709.0,1708.1,1708.5,4941.5,4940.5,4942.0,1690.1,1689.3,1689.5,1678.3,1677.6,1677.7,5326.3,5327.6,27.420000,39.560001
47,47,28580.3,28591.5,1874.7,1874.0,1874.3,1323.9,1324.2,1324.9,8815.6,8816.5,8815.6,1914.5,1914.0,1914.2,4576.5,4576.5,104258.9,104476.5,15738.2,15735.2,15741.0,2749.8,2752.8,2755.5,1614.0,1614.0,1614.1,2558.1,2558.8,2559.0,15682.9,15688.6,24382.1,24381.1,4192.2,4191.2,4190.7,2401.8,2402.5,2403.0,6583.2,6583.7,6584.8,2854.3,2854.5,2855.0,70146.3,70112.2,5704.3,5702.6,1707.8,1707.5,1707.4,4942.8,4943.6,4945.7,1690.6,1690.1,1690.4,1677.7,1677.4,1677.5,5332.7,5331.3,27.420000,38.360001
48,48,28590.3,28607.9,1876.6,1876.0,1876.5,1325.0,1325.1,1325.9,8819.8,8823.8,8823.7,1917.6,1917.6,1918.1,4577.7,4578.4,104290.3,104423.4,15742.5,15745.7,15756.0,2751.1,2754.1,2755.6,1613.8,1613.8,1614.0,2558.7,2558.0,2558.9,15688.4,15687.4,24356.5,24365.5,4186.5,4186.1,4185.4,2402.0,2402.3,2403.3,6579.8,6581.3,6580.8,2851.7,2852.6,2853.3,70118.3,70159.7,5710.9,5706.6,1709.5,1708.3,1708.7,4947.8,4948.8,4948.8,1691.9,1691.4,1691.5,1677.6,1676.8,1676.9,5329.5,5328.3,27.410000,38.689999
49,49,28595.8,28614.9,1877.3,1877.3,1877.6,1326.5,1326.8,1327.5,8823.9,8825.6,8827.1,1919.3,1919.6,1919.7,4579.1,4579.4,104053.8,104591.1,15747.5,15750.2,15752.3,2752.6,2754.9,2757.1,1615.0,1615.0,1615.3,2558.5,2558.6,2558.9,15690.2,15693.5,24354.8,24373.3,4188.9,4188.3,4188.5,2401.9,2402.6,2403.4,6585.7,6584.4,6587.3,2852.5,2852.7,2853.6,70133.3,70239.9,5709.0,5708.3,1712.0,1711.3,1711.6,4951.8,4953.2,4953.0,1692.3,1691.6,1692.4,1677.3,1677.4,1676.7,5331.9,5332.3,27.440001,38.639999
50,50,28617.6,28615.4,1879.5,1878.8,1878.9,1328.8,1328.9,1329.8,8828.2,8829.1,8830.4,1921.8,1921.4,1922.3,4579.8,4579.6,104232.0,104654.3,15745.9,15757.1,15756.0,2751.9,2755.1,2757.5,1614.8,1614.8,1614.8,2557.8,2557.9,2558.6,15690.6,15692.2,24343.3,24342.4,4177.8,4175.6,4175.7,2401.0,2401.4,2402.3,6567.4,6568.9,6566.9,2842.1,2842.1,2843.1,70040.0,70031.9,5707.2,5707.0,1711.8,1711.2,1711.2,4950.8,4951.2,4951.3,1691.6,1691.4,1691.8,1678.3,1677.6,1677.9,5331.8,5329.6,27.440001,38.020000
51,51,28610.7,28625.2,1878.7,1878.6,1878.8,1328.2,1328.4,1329.0,8828.8,8830.2,8830.4,1920.9,1920.6,1920.7,4578.8,4580.2,104390.1,104564.9,15752.3,15762.1,15767.9,2754.6,2757.5,2760.1,1614.5,1614.6,1614.7,2557.6,2557.5,2558.1,15690.1,15689.2,24365.2,24358.8,4173.5,4172.6,4173.0,2401.0,2401.6,2402.8,6573.2,6572.8,6576.1,2839.4,2839.7,2841.0,70094.7,70134.9,5707.8,5708.4,1713.7,1713.2,1713.4,4957.7,4956.5,4958.1,1693.5,1692.6,1692.7,1677.9,1677.2,1677.1,5330.0,5329.9,27.410000,37.689999
52,52,28637.5,28633.7,1880.5,1879.8,1880.2,1330.5,1330.7,1331.3,8832.2,8833.5,8832.9,1924.7,1923.8,1924.1,4581.4,4582.4,104320.0,104552.3,15755.4,15758.5,15765.6,2754.2,2757.4,2759.6,1616.5,1616.4,1616.7,2559.4,2559.6,2560.8,15695.2,15693.3,24382.3,24396.2,4193.1,4193.0,4192.7,2403.0,2403.7,2404.5,6604.6,6606.6,6608.4,2852.8,2853.3,2854.2,70163.0,70169.1,5708.0,5707.1,1711.9,1711.3,1711.4,4949.0,4948.4,4949.4,1691.8,1691.8,1691.2,1678.0,1677.5,1678.1,5332.2,5331.2,27.440001,37.830002
53,53,28602.8,28606.2,1878.9,1878.4,1878.9,1328.0,1328.1,1328.7,8827.8,8829.3,8828.9,1919.6,1919.8,1920.1,4579.3,4579.3,104413.5,104499.1,15754.6,15757.2,15757.9,2752.3,2755.0,2757.7,1619.0,1619.1,1619.1,2563.1,2563.0,2563.5,15699.6,15701.2,24394.5,24410.4,4215.6,4215.9,4216.1,2404.0,2404.5,2405.5,6620.9,6621.1,6624.0,2863.6,2864.1,2865.4,70042.4,70256.6,5706.8,5707.7,1709.3,1708.6,1708.9,4946.6,4948.5,4947.7,1692.8,1692.4,1692.3,1677.3,1676.7,1677.0,5329.9,5327.6,27.450001,36.950001
54,54,28598.0,28597.6,1879.6,1878.9,1879.3,1327.5,1327.8,1328.4,8832.4,8834.2,8833.7,1921.9,1921.8,1922.1,4580.1,4580.4,104425.2,104288.5,15757.9,15754.2,15763.2,2752.2,2754.7,2756.5,1618.1,1618.0,1618.0,2560.6,2560.9,2560.8,15692.6,15694.3,24410.2,24397.3,4202.4,4201.4,4200.5,2402.2,2403.0,2403.9,6593.4,6593.4,6594.7,2852.4,2853.0,2853.8,70042.4,70136.5,5707.0,5705.9,1710.9,1710.3,1710.4,4954.3,4954.1,4954.0,1693.7,1692.8,1693.2,1678.3,1677.2,1677.5,5323.8,5321.0,27.440001,36.939999
55,55,28606.5,28625.0,1880.4,1879.5,1879.7,1328.4,1328.5,1329.2,8834.7,8834.4,8836.0,1922.7,1922.6,1922.6,4580.6,4580.5,104328.9,104578.4,15759.8,15754.6,15760.0,2752.7,2755.4,2758.0,1618.0,1618.0,1618.1,2560.7,2561.8,2561.6,15685.6,15697.3,24368.1,24372.6,4196.4,4195.5,4195.3,2401.5,2402.6,2403.6,6589.1,6589.0,6590.8,2847.5,2847.9,2848.7,70108.9,70202.4,5710.4,5710.1,1712.4,1711.8,1712.1,4958.7,4958.8,4959.6,1694.3,1694.0,1693.9,1678.8,1677.3,1677.6,5331.9,5332.7,27.450001,36.860001
56,56,28642.2,28640.8,1881.2,1880.8,1880.5,1329.9,1330.1,1330.8,8834.2,8833.9,8833.9,1923.5,1922.9,1923.5,4582.2,4581.9,104400.9,104576.6,15756.8,15768.7,15770.8,2754.2,2757.5,2759.4,1617.9,1617.8,1618.1,2560.0,2560.3,2560.3,15690.5,15701.0,24383.1,24389.9,4188.8,4188.8,4188.2,2402.7,2403.1,2404.6,6588.5,6587.3,6588.5,2842.1,2842.6,2843.8,70107.3,70241.5,5708.2,5706.5,1712.7,1711.8,1712.0,4956.3,4956.6,4956.9,1694.6,1694.3,1694.4,1678.3,1678.0,1678.6,5332.7,5331.6,27.440001,36.860001
57,57,28618.2,28626.7,1881.3,1880.8,1881.1,1329.5,1329.9,1330.6,8835.0,8837.3,8837.6,1923.7,1923.9,1924.2,4581.6,4581.8,104513.5,104369.4,15774.1,15776.8,15785.2,2754.7,2757.5,2759.4,1618.0,1618.0,1618.1,2561.0,2560.7,2561.0,15692.0,15698.1,24375.9,24378.1,4185.9,4183.9,4184.3,2402.0,2402.8,2403.7,6584.2,6585.4,6588.5,2837.5,2838.8,2839.1,70099.2,70204.9,5710.1,5710.1,1713.7,1712.9,1713.3,4958.8,4959.8,4960.8,1694.7,1694.2,1693.8,1678.4,1677.3,1678.0,5330.7,5329.1,27.440001,37.040001
58,58,28614.6,28617.6,1880.8,1880.2,1880.5,1329.2,1329.3,1330.0,8833.4,8835.1,8832.6,1921.4,1920.7,1920.8,4579.8,4580.2,104311.0,104594.7,15777.4,15773.8,15785.1,2755.1,2757.9,2760.1,1617.5,1617.4,1617.6,2559.1,2559.3,2559.3,15702.1,15698.4,24397.6,24400.4,4171.7,4170.4,4169.2,2401.9,2402.5,2403.5,6573.2,6574.6,6575.1,2825.1,2825.6,2826.0,69945.7,70088.2,5705.9,5706.0,1708.9,1708.3,1708.5,4949.2,4951.1,4952.0,1695.2,1694.5,1694.8,1678.1,1677.1,1677.5,5333.2,5330.0,27.450001,37.320000
59,59,28610.1,28618.4,1881.2,1880.4,1880.6,1326.7,1327.0,1327.6,8834.1,8834.8,8835.1,1919.9,1919.4,1919.3,4579.6,4579.9,104408.1,104388.3,15776.8,15785.1,15780.2,2756.6,2758.5,2761.2,1618.4,1618.4,1618.6,2558.9,2559.3,2559.8,15691.4,15698.6,24391.7,24405.2,4172.2,4171.5,4170.0,2401.6,2402.8,2403.7,6576.5,6577.5,6579.3,2823.4,2824.1,2825.1,70009.2,70117.4,5705.0,5706.8,1708.2,1707.8,1707.8,4951.6,4952.5,4952.7,1695.6,1695.3,1695.2,1678.7,1678.2,1678.4,5330.7,5329.9,27.459999,38.270000
60,60,28589.6,28618.2,1881.3,1880.5,1880.9,1326.3,1326.6,1327.2,8833.6,8836.8,8837.4,1919.4,1919.4,1919.6,4580.1,4580.3,104369.4,104472.9,15771.3,15775.1,15774.9,2757.5,2759.4,2762.1,1619.3,1619.3,1619.5,2559.6,2559.5,2560.5,15697.5,15699.2,24404.5,24432.3,4176.4,4175.5,4175.4,2402.1,2402.8,2403.8,6586.7,6586.5,6587.6,2824.8,2825.9,2826.2,70001.1,70211.4,5705.5,5705.0,1708.8,1708.0,1707.9,4954.0,4954.5,4954.2,1695.7,1695.1,1695.3,1678.8,1678.6,1678.3,5328.2,5331.1,27.459999,39.570000
61,61,28606.9,28624.8,1880.6,1880.1,1880.5,1325.7,1325.7,1326.5,8834.5,8836.4,8836.3,1918.0,1917.9,1918.0,4579.2,4579.5,104341.5,104570.3,15774.1,15781.2,15783.3,2757.3,2759.6,2761.9,1619.2,1619.4,1619.5,2559.7,2559.9,2560.3,15689.4,15696.9,24384.2,24389.5,4169.0,4168.9,4167.8,2401.9,2402.3,2403.6,6581.4,6584.3,6586.2,2820.4,2820.9,2821.9,70039.2,70168.2,5707.2,5707.7,1707.3,1706.8,1707.0,4955.5,4955.7,4956.2,1696.2,1695.8,1695.9,1678.7,1677.9,1678.5,5327.5,5329.3,27.490000,40.230000
62,62,28630.0,28636.2,1881.9,1881.4,1882.1,1326.2,1326.4,1327.0,8839.8,8840.7,8842.8,1920.9,1920.8,1921.1,4581.5,4581.6,104460.3,104552.3,15775.7,15779.4,15783.8,2756.6,2759.2,2761.8,1621.0,1620.6,1620.8,2561.5,2560.6,2560.9,15696.9,15698.6,24403.2,24412.6,4176.1,4175.5,4174.8,2401.9,2403.0,2404.1,6594.2,6596.4,6596.0,2823.6,2824.3,2824.8,70054.2,70204.9,5710.7,5708.9,1708.6,1707.8,1708.0,4957.6,4958.4,4958.7,1696.7,1696.2,1696.4,1678.1,1677.3,1677.9,5330.4,5329.4,27.480000,40.950001
63,63,28608.8,28631.4,1882.2,1881.9,1881.9,1326.7,1326.9,1327.8,8841.7,8843.5,8843.1,1921.7,1921.6,1922.1,4581.4,4581.7,104437.8,104494.5,15788.5,15790.7,15791.9,2757.3,2760.0,2762.3,1622.4,1622.5,1622.6,2562.8,2562.7,2562.8,15699.9,15698.8,24427.2,24423.5,4193.1,4191.6,4190.9,2403.0,2403.8,2404.6,6607.6,6607.8,6608.3,2831.4,2831.2,2832.2,70031.1,69813.4,5709.2,5709.3,1709.2,1708.2,1708.6,4957.5,4957.8,4958.1,1697.8,1696.6,1697.0,1678.6,1677.9,1678.2,5327.4,5327.2,27.480000,40.930000
64,64,28625.6,28635.8,1883.4,1883.2,1883.3,1328.2,1328.1,1328.9,8844.8,8845.2,8847.8,1923.8,1923.4,1924.1,4582.5,4583.0,104365.8,104685.1,15786.3,15798.0,15802.0,2758.2,2761.0,2763.6,1622.6,1622.7,1623.0,2562.8,2563.1,2563.3,15698.9,15701.5,24431.1,24445.3,4189.3,4189.1,4189.1,2403.3,2404.1,2405.0,6609.5,6610.4,6611.6,2830.0,2831.1,2832.1,70153.2,70213.8,5709.7,5712.4,1711.5,1711.0,1711.1,4964.6,4964.1,4964.7,1698.5,1697.9,1698.2,1678.6,1678.3,1678.3,5329.8,5331.6,27.490000,40.330002
65,65,28651.6,28644.6,1884.1,1883.7,1883.8,1329.5,1329.7,1330.5,8847.5,8850.8,8849.6,1925.4,1925.1,1925.6,4583.2,4583.6,104270.6,104455.8,15791.6,15790.9,15797.3,2757.9,2760.6,2763.3,1623.2,1623.2,1623.3,2563.0,2562.8,2563.2,15693.4,15707.8,24448.6,24431.0,4188.8,4187.1,4187.2,2403.0,2403.8,2404.8,6607.7,6610.2,6610.6,2827.1,2828.5,2829.5,70105.7,70284.8,5711.9,5711.2,1710.1,1709.8,1709.8,4961.6,4962.4,4962.7,1698.2,1697.7,1697.8,1678.0,1677.0,1677.4,5334.5,5333.8,27.510000,39.840000
66,66,28635.7,28639.4,1883.9,1883.6,1883.9,1328.5,1328.7,1329.3,8846.3,8849.1,8850.3,1925.2,1924.8,1925.3,4583.5,4584.0,104162.1,104404.5,15802.9,15807.6,15800.2,2757.6,2760.2,2762.7,1625.7,1625.7,1625.9,2566.0,2565.9,2566.9,15697.4,15700.9,24433.8,24487.2,4213.6,4215.0,4214.8,2405.2,2405.8,2406.5,6641.2,6641.7,6644.0,2844.9,2845.6,2846.3,70178.8,70268.0,5714.3,5714.2,1711.0,1710.3,1710.6,4962.9,4963.2,4963.3,1698.3,1697.8,1698.3,1678.8,1677.2,1677.9,5333.0,5331.9,27.510000,39.439999
67,67,28636.2,28624.1,1884.0,1883.5,1883.8,1328.9,1329.0,1329.7,8849.9,8852.4,8852.1,1926.1,1925.8,1926.3,4583.5,4583.5,104225.7,104564.9,15791.9,15789.7,15794.8,2757.8,2760.2,2762.7,1626.2,1626.2,1626.2,2563.9,2563.8,2564.1,15703.2,15706.7,24436.6,24444.2,4206.9,4205.3,4204.4,2404.1,2404.8,2405.9,6618.5,6620.0,6619.6,2835.2,2835.7,2836.4,70088.2,70189.0,5710.2,5710.8,1710.5,1709.4,1710.0,4963.3,4962.3,4963.1,1699.4,1698.7,1699.1,1678.0,1678.2,1678.0,5334.8,5334.1,27.480000,38.900002
68,68,28632.1,28653.2,1884.9,1884.3,1884.7,1328.1,1328.4,1329.0,8848.8,8852.3,8852.5,1924.2,1924.0,1924.8,4583.3,4582.8,104334.3,104374.8,15787.8,15802.7,15801.3,2758.3,2760.7,2763.4,1625.9,1626.0,1626.2,2564.4,2565.1,2566.5,15696.6,15704.9,24426.9,24438.3,4207.3,4206.7,4207.0,2404.5,2405.5,2407.0,6628.2,6629.3,6631.7,2836.0,2837.4,2837.6,70172.3,70245.6,5713.2,5714.5,1711.4,1711.2,1711.4,4968.2,4968.5,4968.7,1699.8,1699.4,1699.5,1678.0,1677.9,1678.3,5335.8,5336.1,27.510000,38.509998
69,69,28623.6,28618.2,1885.8,1885.5,1886.2,1330.0,1330.0,1330.7,8854.4,8855.2,8856.7,1927.8,1927.8,1927.3,4584.6,4585.0,104481.9,104750.3,15807.6,15796.7,15818.2,2758.2,2760.6,2763.3,1627.7,1627.8,1627.9,2566.2,2566.1,2566.4,15703.8,15700.9,24459.4,24453.5,4217.9,4217.1,4216.2,2405.5,2406.1,2407.6,6640.4,6640.5,6641.8,2841.9,2842.2,2843.0,70271.7,70268.8,5713.7,5714.0,1713.0,1712.3,1712.4,4971.4,4971.9,4972.6,1700.4,1699.8,1699.8,1678.9,1678.7,1678.0,5336.6,5336.8,27.510000,39.119999
70,70,28654.5,28661.4,1886.6,1885.8,1886.1,1331.0,1331.2,1331.7,8856.3,8856.4,8856.8,1927.9,1928.0,1927.8,4584.7,4584.9,104360.4,104635.3,15787.6,15812.8,15820.1,2757.4,2761.0,2763.4,1628.2,1628.1,1628.3,2566.4,2566.8,2566.7,15711.0,15710.0,24455.8,24451.5,4214.9,4212.7,4212.9,2405.6,2406.5,2407.4,6635.1,6636.0,6637.0,2835.9,2836.9,2838.0,70338.2,70163.8,5713.2,5713.7,1709.4,1708.8,1708.9,4962.5,4962.9,4962.8,1700.0,1699.6,1699.7,1678.9,1678.2,1678.9,5335.2,5337.0,27.520000,38.580002
71,71,28625.8,28648.8,1884.8,1884.4,1884.9,1327.4,1327.6,1328.3,8854.7,8857.2,8855.3,1925.0,1924.2,1925.7,4583.8,4584.6,104539.6,104642.6,15804.4,15806.3,15805.7,2758.7,2760.9,2763.0,1630.5,1630.7,1630.9,2569.4,2569.7,2569.8,15712.2,15712.8,24460.9,24465.5,4241.1,4239.9,4240.7,2407.3,2408.1,2408.9,6670.2,6671.5,6671.6,2853.7,2854.7,2855.6,70126.4,70373.4,5714.3,5715.6,1712.3,1711.6,1712.2,4970.7,4970.8,4971.1,1701.2,1700.8,1700.6,1678.8,1677.9,1678.4,5340.2,5340.2,27.520000,38.740002
72,72,28658.4,28677.3,1887.6,1887.4,1887.3,1331.4,1331.7,1332.3,8861.7,8863.0,8863.5,1930.4,1930.7,1931.0,4586.8,4587.2,104110.2,104460.3,15794.4,15804.9,15799.1,2757.1,2760.0,2762.5,1630.4,1630.3,1630.6,2568.8,2568.0,2569.1,15710.3,15712.1,24476.2,24480.7,4233.0,4231.3,4231.5,2407.1,2407.7,2408.9,6649.7,6651.7,6652.9,2846.7,2846.1,2847.1,70184.1,70254.2,5714.1,5715.1,1714.2,1713.1,1713.1,4972.4,4971.8,4972.8,1702.0,1701.0,1701.2,1679.4,1678.8,1678.5,5337.9,5335.9,27.530001,39.020000
73,73,28653.9,28655.7,1886.3,1885.8,1886.2,1330.9,1331.3,1332.0,8861.5,8861.4,8862.9,1928.0,1928.2,1928.4,4585.9,4586.3,104376.6,104563.1,15808.9,15802.6,15806.8,2760.3,2763.8,2765.7,1629.8,1629.8,1629.9,2567.3,2567.2,2567.4,15711.1,15726.9,24477.3,24463.7,4218.9,4218.1,4217.5,2406.7,2407.4,2408.4,6637.2,6639.0,6639.0,2834.2,2834.8,2835.4,70124.0,70223.2,5713.2,5712.1,1711.6,1710.9,1711.4,4970.3,4970.6,4970.1,1701.7,1701.4,1701.3,1679.4,1678.6,1679.7,5339.7,5339.7,27.520000,38.020000
74,74,28646.0,28659.1,1886.5,1886.0,1886.5,1329.6,1330.1,1330.7,8863.6,8862.9,8865.9,1927.2,1927.4,1927.7,4585.8,4585.9,104529.7,104543.2,15808.8,15811.4,15818.8,2761.3,2764.2,2766.7,1629.3,1629.3,1629.3,2566.7,2566.4,2566.4,15711.4,15714.9,24442.5,24465.9,4203.0,4200.6,4199.6,2405.0,2405.6,2407.0,6624.8,6625.1,6625.5,2820.5,2821.4,2821.6,70127.2,70146.3,5711.7,5712.1,1710.5,1709.4,1709.4,4967.1,4965.5,4967.8,1701.5,1701.2,1701.1,1679.0,1678.6,1678.7,5337.5,5336.9,27.530001,38.419998
75,75,28618.6,28632.1,1885.4,1885.0,1885.3,1326.3,1326.8,1327.3,8859.7,8861.3,8860.3,1921.8,1921.6,1922.2,4583.3,4583.4,104418.9,104635.3,15817.4,15820.1,15821.5,2763.0,2765.9,2767.8,1628.8,1629.1,1629.4,2566.7,2566.4,2566.6,15707.9,15711.3,24468.6,24451.7,4193.0,4191.9,4192.0,2404.8,2405.3,2406.0,6628.0,6628.9,6629.7,2814.9,2815.6,2816.1,70049.3,70184.1,5711.8,5710.4,1706.0,1705.6,1705.4,4965.8,4964.2,4966.4,1702.2,1701.8,1702.2,1679.2,1678.1,1678.4,5337.5,5338.3,27.520000,39.470001
76,76,28678.6,28647.4,1886.6,1886.1,1886.6,1325.9,1326.2,1327.0,8864.8,8866.2,8868.1,1924.1,1923.8,1924.0,4584.6,4584.8,104472.9,104725.8,15817.1,15818.7,15821.7,2762.7,2765.7,2768.2,1631.0,1631.0,1631.2,2568.2,2568.9,2568.9,15714.1,15712.6,24451.8,24463.1,4205.5,4203.3,4203.8,2406.0,2406.5,2407.6,6644.2,6645.7,6647.4,2819.5,2820.9,2821.7,70011.2,70138.2,5712.3,5711.5,1705.7,1705.5,1705.5,4967.7,4968.0,4968.6,1703.2,1702.6,1702.5,1679.1,1679.0,1678.7,5341.3,5339.8,27.549999,41.320000
77,77,28647.1,28665.6,1886.9,1886.7,1886.8,1326.1,1326.3,1327.0,8866.2,8868.5,8867.9,1925.1,1925.0,1925.8,4585.4,4585.5,104646.2,104494.5,15820.0,15816.8,15817.0,2762.0,2764.6,2767.0,1632.6,1632.7,1632.9,2569.6,2570.5,2571.0,15705.5,15712.7,24473.8,24474.7,4220.3,4220.3,4220.9,2406.7,2407.7,2408.9,6668.0,6668.6,6672.6,2830.9,2831.8,2833.1,70211.4,70226.5,5715.3,5713.8,1709.2,1709.0,1709.0,4978.7,4978.8,4980.2,1703.8,1703.0,1703.4,1679.0,1678.8,1678.8,5339.0,5340.1,27.549999,42.209999
78,78,28670.4,28701.0,1890.9,1890.5,1890.8,1331.3,1331.6,1332.2,8880.4,8882.0,8884.9,1934.9,1934.9,1935.3,4590.4,4590.0,104494.5,104446.8,15811.1,15815.8,15829.8,2762.4,2765.1,2767.0,1635.1,1635.0,1635.1,2571.9,2571.7,2572.8,15711.4,15714.9,24478.9,24477.2,4228.6,4228.2,4226.8,2406.5,2407.2,2407.9,6664.2,6663.5,6664.8,2833.3,2833.7,2834.4,70249.7,70200.8,5717.1,5717.4,1712.4,1711.3,1711.5,4978.1,4978.6,4979.1,1704.4,1704.0,1703.8,1678.9,1678.3,1678.0,5342.0,5341.2,27.530001,42.169998
79,79,28678.3,28690.5,1888.6,1888.5,1888.6,1330.6,1331.0,1331.6,8875.8,8873.9,8875.8,1929.2,1929.3,1929.2,4587.5,4587.6,104487.3,104847.3,15813.0,15810.4,15813.8,2763.5,2766.4,2768.5,1633.8,1633.8,1633.9,2570.2,2570.4,2570.3,15713.0,15716.0,24488.1,24506.5,4214.9,4214.9,4213.4,2406.2,2406.7,2407.7,6654.3,6653.3,6655.8,2824.0,2824.4,2825.1,70025.0,70208.1,5713.4,5713.6,1707.7,1707.1,1707.2,4971.9,4972.2,4972.4,1703.5,1702.3,1703.1,1678.8,1678.4,1678.3,5340.1,5341.6,27.559999,40.150002
80,80,28662.0,28693.2,1888.0,1887.6,1887.7,1327.6,1327.8,1328.5,8867.4,8873.8,8873.3,1924.6,1924.1,1924.3,4585.8,4586.0,104573.9,104610.9,15828.8,15831.4,15832.0,2764.1,2767.1,2770.1,1632.7,1632.9,1632.9,2568.2,2568.1,2568.8,15716.8,15715.5,24503.4,24486.8,4197.0,4195.0,4194.6,2404.7,2405.1,2406.1,6642.7,6643.3,6646.0,2810.8,2811.8,2813.0,70102.4,70199.6,5712.6,5713.9,1703.5,1703.1,1703.1,4969.5,4970.4,4970.3,1704.1,1703.5,1703.5,1678.9,1678.2,1678.9,5336.7,5338.2,27.530001,40.480000
81,81,28652.8,28683.6,1888.8,1888.3,1888.4,1325.7,1326.0,1326.9,8877.9,8879.7,8879.9,1925.4,1924.8,1924.8,4586.5,4586.6,104601.9,104780.2,15823.1,15829.1,15834.8,2764.2,2766.4,2768.9,1635.0,1634.9,1635.0,2571.0,2571.1,2571.0,15718.6,15718.1,24486.8,24494.1,4213.3,4212.5,4212.0,2405.8,2406.3,2407.4,6663.7,6663.7,6664.7,2820.8,2820.6,2821.5,70201.6,70192.2,5715.7,5713.7,1704.6,1704.1,1704.2,4976.0,4975.6,4975.5,1704.5,1703.6,1703.9,1679.1,1678.4,1679.3,5338.6,5338.4,27.549999,42.049999
82,82,28684.5,28701.2,1888.9,1888.2,1888.8,1326.1,1326.5,1327.1,8877.5,8879.2,8880.3,1926.0,1925.0,1925.1,4587.1,4587.6,104337.9,104500.8,15823.7,15832.4,15826.8,2764.3,2767.5,2770.5,1635.2,1635.2,1635.5,2570.2,2570.4,2570.4,15723.5,15720.7,24485.8,24485.8,4210.9,4210.0,4210.4,2405.0,2405.8,2407.3,6663.3,6664.5,6663.9,2816.8,2817.7,2818.2,70173.1,70269.7,5714.1,5713.8,1702.8,1702.2,1702.5,4974.4,4975.2,4976.1,1704.8,1704.0,1704.4,1679.7,1679.2,1679.3,5342.7,5343.2,27.549999,42.790001
83,83,28680.6,28695.2,1890.0,1890.3,1890.6,1326.8,1327.1,1327.8,8885.1,8888.7,8888.5,1930.1,1929.8,1930.3,4589.3,4589.8,104508.1,104615.5,15826.1,15834.1,15832.0,2763.7,2766.5,2769.2,1636.3,1636.2,1636.2,2571.1,2571.1,2571.7,15719.3,15719.1,24506.6,24510.0,4215.2,4214.2,4214.5,2404.9,2405.8,2406.9,6666.5,6667.6,6666.8,2818.7,2819.0,2819.9,70223.2,70268.0,5714.6,5715.1,1705.5,1704.7,1704.5,4977.9,4977.9,4978.6,1706.0,1705.5,1705.8,1679.9,1679.4,1680.0,5341.5,5341.4,27.580000,43.330002
84,84,28681.7,28697.7,1891.8,1891.3,1891.8,1328.8,1329.3,1330.2,8888.8,8893.2,8894.5,1932.9,1932.5,1933.1,4590.7,4590.7,104515.3,104674.2,15829.5,15819.2,15841.0,2763.5,2766.6,2768.5,1637.1,1637.0,1637.3,2573.1,2573.4,2573.7,15716.0,15719.2,24481.9,24472.2,4223.6,4222.7,4222.5,2405.9,2406.5,2407.6,6676.2,6676.3,6677.4,2822.6,2823.5,2824.0,70149.1,70403.7,5716.2,5716.3,1709.0,1708.5,1709.0,4985.1,4986.0,4985.9,1707.0,1706.3,1706.4,1679.1,1679.0,1679.2,5342.0,5341.8,27.610001,43.169998
85,85,28660.4,28695.4,1891.3,1891.0,1891.2,1330.3,1330.6,1331.2,8888.0,8888.4,8889.7,1931.8,1931.8,1932.1,4589.8,4590.2,104467.5,104637.1,15833.5,15826.4,15835.3,2763.7,2766.4,2768.8,1637.2,1637.2,1637.5,2572.4,2571.8,2572.6,15718.6,15725.2,24509.9,24510.5,4216.3,4214.9,4214.4,2405.1,2405.8,2406.9,6670.8,6670.4,6671.5,2816.8,2817.6,2817.5,70238.3,70285.6,5718.6,5717.2,1707.3,1707.1,1706.4,4980.7,4980.9,4980.7,1706.5,1705.9,1705.9,1679.5,1679.4,1679.9,5340.4,5339.5,27.580000,42.250000
86,86,28686.0,28689.6,1891.2,1890.6,1891.1,1328.8,1329.3,1329.9,8889.2,8892.9,8893.9,1931.1,1931.4,1931.8,4590.5,4590.7,104489.1,104722.2,15826.1,15839.5,15836.7,2764.0,2766.8,2768.7,1638.6,1638.7,1639.2,2574.5,2575.2,2575.1,15718.5,15722.0,24518.2,24524.5,4232.9,4232.7,4233.9,2406.7,2407.5,2408.3,6698.0,6699.8,6701.0,2831.4,2832.8,2833.4,70247.2,70463.5,5720.8,5720.7,1712.4,1711.9,1712.2,4994.1,4992.7,4994.7,1708.1,1707.3,1707.7,1680.1,1679.8,1680.3,5346.3,5342.1,27.610001,41.980000
87,87,28723.1,28721.6,1894.6,1894.2,1894.3,1334.5,1334.6,1335.6,8897.5,8899.4,8898.6,1939.5,1939.7,1940.1,4594.2,4594.2,104607.3,104909.9,15831.6,15844.4,15851.0,2761.9,2764.7,2767.5,1639.3,1639.4,1639.6,2574.8,2573.5,2574.6,15718.6,15730.4,24539.4,24507.3,4235.5,4234.6,4234.0,2405.7,2406.4,2407.5,6687.5,6689.6,6688.4,2828.7,2829.0,2829.9,70318.2,70342.7,5723.8,5721.4,1713.9,1713.3,1713.5,4992.2,4992.0,4992.8,1708.7,1707.9,1708.0,1680.3,1679.4,1679.8,5346.3,5343.5,27.580000,41.400002
88,88,28699.8,28706.6,1893.3,1892.6,1893.0,1333.7,1334.0,1334.4,8893.8,8894.2,8893.8,1936.2,1936.5,1936.4,4591.4,4592.0,104548.6,104876.3,15836.7,15841.9,15842.5,2763.4,2766.9,2768.6,1640.3,1640.3,1640.5,2575.0,2574.8,2576.3,15708.4,15727.2,24556.7,24567.6,4246.0,4244.5,4244.6,2407.0,2407.5,2408.5,6706.7,6706.0,6710.2,2834.3,2835.1,2836.0,70312.5,70335.0,5722.2,5720.4,1714.1,1713.1,1713.5,4995.8,4995.5,4996.8,1709.0,1708.1,1708.3,1679.9,1679.5,1679.3,5342.3,5343.0,27.580000,39.509998
89,89,28720.6,28717.4,1896.0,1895.6,1895.7,1335.9,1336.0,1336.6,8901.7,8903.3,8903.5,1941.3,1941.4,1941.5,4595.5,4596.0,104511.7,104803.7,15848.4,15839.0,15847.9,2763.3,2766.3,2768.0,1643.1,1643.2,1643.4,2577.9,2578.4,2578.0,15721.6,15723.7,24566.7,24561.5,4260.9,4259.8,4258.3,2407.9,2408.7,2409.6,6714.4,6714.9,6714.8,2841.7,2842.1,2842.4,70243.2,70405.3,5725.2,5725.4,1717.4,1716.0,1716.1,4998.4,4997.5,4999.3,1708.9,1708.9,1709.1,1680.1,1679.3,1679.6,5342.0,5343.1,27.590000,39.230000
90,90,28699.5,28724.4,1894.7,1894.2,1894.6,1336.0,1336.0,1336.7,8899.2,8900.3,8901.6,1937.8,1937.9,1937.8,4594.1,4593.5,104487.3,104753.9,15833.4,15838.8,15851.3,2765.2,2768.0,2770.3,1640.8,1640.6,1641.1,2574.8,2574.6,2574.9,15725.3,15731.5,24501.9,24537.0,4235.0,4234.3,4234.2,2406.8,2407.2,2408.6,6694.5,6696.0,6699.8,2826.1,2826.8,2827.4,70286.4,70387.7,5723.4,5722.1,1713.8,1713.2,1713.4,4993.5,4993.2,4994.4,1709.5,1708.8,1708.8,1680.6,1680.0,1680.1,5343.7,5342.8,27.580000,37.799999
91,91,28716.6,28714.3,1895.2,1894.5,1894.8,1335.2,1335.5,1336.2,8901.0,8904.0,8903.9,1938.7,1938.5,1938.8,4594.9,4594.3,104432.4,104644.4,15856.0,15845.3,15851.0,2765.0,2768.2,2770.6,1643.0,1642.9,1643.3,2576.5,2577.1,2576.7,15725.5,15728.4,24549.0,24544.7,4250.3,4249.4,4248.4,2406.9,2407.9,2408.9,6707.9,6707.5,6709.9,2831.3,2832.2,2832.5,70404.5,70297.4,5722.6,5723.7,1713.6,1712.6,1712.9,4989.5,4990.1,4989.8,1709.3,1708.4,1708.6,1680.2,1679.9,1679.8,5342.4,5343.1,27.610001,38.070000
92,92,28666.1,28692.6,1892.9,1892.6,1892.7,1331.7,1332.1,1332.5,8896.0,8897.5,8897.5,1931.5,1931.1,1931.7,4590.9,4591.7,104499.1,104688.7,15852.2,15862.8,15848.8,2767.2,2770.3,2773.0,1641.8,1641.7,1641.9,2575.2,2575.5,2575.1,15723.3,15726.7,24521.6,24532.3,4237.3,4236.7,4237.0,2407.3,2408.2,2409.2,6703.2,6702.0,6704.8,2823.7,2824.0,2825.8,70360.3,70407.8,5719.7,5719.9,1710.0,1709.7,1709.7,4990.3,4989.6,4989.7,1709.6,1709.8,1709.2,1680.3,1680.2,1680.3,5346.5,5345.2,27.610001,38.240002
93,93,28712.1,28717.7,1896.4,1896.3,1896.6,1333.6,1334.0,1334.5,8904.1,8907.3,8909.4,1939.0,1939.0,1939.2,4595.7,4595.4,104448.6,104596.5,15834.3,15848.6,15856.5,2764.1,2767.1,2769.5,1645.2,1644.9,1645.2,2578.8,2578.4,2579.3,15722.1,15726.5,24566.0,24562.9,4275.6,4274.7,4275.6,2409.8,2410.5,2411.4,6747.5,6749.4,6751.6,2848.0,2848.7,2849.9,70391.0,70487.7,5722.9,5724.9,1713.7,1712.7,1713.0,4995.9,4994.8,4996.0,1710.3,1709.6,1709.8,1680.9,1679.8,1680.2,5347.5,5346.9,27.610001,39.700001
94,94,28700.2,28713.1,1894.8,1894.0,1893.9,1333.0,1333.0,1333.7,8898.8,8900.4,8901.3,1934.7,1934.0,1933.8,4592.0,4592.1,104633.5,104755.7,15848.8,15853.4,15850.9,2765.6,2768.7,2770.7,1644.0,1644.0,1644.1,2577.1,2576.7,2577.3,15725.9,15731.3,24550.7,24539.9,4250.9,4250.0,4249.2,2406.9,2407.7,2408.7,6705.4,6706.2,6707.3,2826.9,2827.0,2827.3,70151.6,70303.9,5719.2,5718.2,1707.2,1706.5,1707.0,4983.4,4984.2,4985.5,1709.4,1708.8,1708.8,1679.5,1679.5,1679.4,5346.6,5345.3,27.620001,39.009998
95,95,28693.7,28691.0,1893.8,1893.5,1893.6,1328.3,1328.6,1329.1,8898.6,8898.7,8898.9,1929.9,1929.1,1929.3,4590.7,4590.9,104293.9,104696.8,15848.4,15852.5,15855.8,2766.8,2770.1,2772.0,1643.8,1643.8,1643.9,2577.8,2577.2,2578.3,15730.3,15731.6,24553.8,24566.3,4244.3,4242.9,4243.4,2407.1,2407.8,2408.8,6709.5,6713.1,6713.3,2822.8,2823.5,2825.0,70264.0,70393.0,5718.7,5717.4,1706.9,1706.6,1706.7,4991.2,4991.1,4994.0,1710.0,1709.6,1709.2,1680.5,1680.0,1680.6,5347.2,5345.0,27.620001,39.529999
96,96,28717.8,28722.2,1897.2,1896.4,1896.2,1330.9,1331.4,1332.0,8906.0,8905.9,8907.0,1935.8,1935.1,1934.7,4592.9,4593.5,104509.9,104730.3,15853.2,15847.7,15849.0,2767.9,2771.2,2773.0,1644.3,1644.4,1644.6,2576.8,2576.6,2577.5,15728.5,15728.5,24564.8,24548.2,4244.7,4242.9,4244.4,2407.2,2407.7,2408.6,6712.9,6715.0,6715.8,2822.5,2822.4,2823.4,70239.9,70366.0,5718.1,5719.1,1707.4,1706.7,1706.8,4990.8,4991.9,4994.1,1709.8,1709.6,1709.8,1680.9,1680.9,1680.6,5345.5,5345.1,27.629999,41.259998
97,97,28711.1,28726.8,1896.6,1895.8,1895.9,1331.6,1331.7,1332.4,8906.5,8908.4,8908.8,1936.1,1936.4,1936.4,4593.6,4593.8,104506.3,104785.6,15846.4,15851.6,15856.9,2767.2,2769.5,2771.9,1647.3,1647.3,1647.6,2580.5,2580.6,2580.9,15723.5,15730.7,24580.5,24543.1,4267.0,4266.9,4267.7,2409.3,2410.0,2410.8,6738.3,6736.7,6741.5,2834.8,2834.7,2835.6,70336.6,70379.5,5720.4,5719.2,1708.4,1707.7,1707.8,4992.0,4991.5,4991.4,1709.6,1709.0,1709.0,1680.0,1680.1,1679.6,5343.4,5343.0,27.610001,41.340000
98,98,28703.3,28701.5,1894.8,1894.3,1894.6,1329.5,1329.8,1330.4,8904.7,8907.1,8907.1,1932.0,1931.5,1931.6,4591.9,4591.5,104557.7,104746.6,15857.3,15858.9,15871.7,2767.4,2770.2,2772.7,1645.8,1645.7,1645.9,2578.4,2577.7,2578.6,15721.0,15728.9,24557.5,24569.8,4252.4,4252.5,4252.1,2408.0,2409.1,2410.2,6730.7,6733.6,6738.3,2829.1,2830.4,2832.0,70406.2,70454.9,5721.3,5720.8,1707.2,1706.4,1706.9,4996.3,4997.6,4998.6,1711.1,1710.6,1710.5,1681.0,1680.3,1680.6,5347.0,5346.6,27.629999,41.029999
99,99,28727.8,28732.2,1899.0,1898.5,1898.3,1332.8,1333.0,1333.7,8915.7,8916.6,8917.1,1942.0,1941.9,1941.9,4596.4,4596.7,104600.1,104761.1,15846.9,15855.9,15841.3,2765.8,2769.0,2771.3,1650.9,1651.0,1651.0,2583.8,2584.2,2584.6,15732.7,15737.0,24620.1,24613.9,4300.5,4299.4,4299.3,2410.9,2411.7,2412.6,6778.9,6778.4,6778.0,2854.4,2855.3,2856.6,70399.6,70633.3,5721.4,5721.9,1713.6,1712.9,1713.0,5006.3,5005.8,5006.0,1711.9,1711.2,1711.4,1679.9,1679.6,1679.7,5350.4,5348.5,27.650000,41.619999
100,100,28739.3,28761.9,1899.1,1898.5,1898.4,1336.0,1336.2,1336.5,8915.3,8916.2,8915.7,1943.5,1943.5,1943.7,4598.4,4598.6,104316.4,104900.8,15870.9,15872.4,15865.2,2763.4,2766.0,2768.5,1652.8,1652.8,1652.9,2587.6,2587.2,2588.0,15739.2,15741.2,24606.0,24616.1,4321.9,4320.3,4320.1,2411.8,2412.8,2413.7,6795.1,6795.2,6796.8,2868.9,2869.2,2869.6,70435.6,70560.9,5724.2,5724.5,1715.1,1714.7,1714.9,5006.4,5006.1,5008.1,1712.0,1711.5,1711.8,1680.4,1680.1,1679.9,5350.3,5347.3,27.629999,39.610001
101,101,28755.5,28772.1,1899.9,1899.5,1899.6,1337.8,1337.7,1338.2,8918.8,8921.4,8922.3,1947.2,1946.7,1947.2,4598.7,4599.5,104702.3,104759.3,15841.5,15851.2,15852.6,2762.0,2765.7,2767.3,1651.5,1651.4,1651.3,2585.6,2585.3,2585.8,15739.0,15742.7,24593.8,24607.7,4307.6,4305.3,4304.6,2410.7,2411.3,2412.3,6760.5,6761.0,6762.8,2857.0,2856.9,2857.2,70322.7,70516.5,5724.6,5724.5,1714.3,1713.1,1713.1,4998.9,4998.5,4998.4,1712.1,1711.7,1711.3,1680.3,1679.6,1680.4,5349.5,5347.5,27.660000,37.340000
102,102,28718.6,28743.4,1898.9,1898.8,1899.1,1335.4,1335.7,1336.5,8914.6,8917.9,8916.4,1943.1,1943.1,1943.3,4597.3,4597.2,104778.3,104716.8,15853.2,15867.6,15862.7,2764.9,2767.6,2770.3,1651.8,1651.9,1652.1,2586.9,2586.6,2587.2,15742.0,15749.1,24601.3,24619.1,4320.3,4320.5,4321.5,2412.9,2413.4,2414.5,6798.6,6799.3,6802.7,2870.3,2871.2,2873.0,70581.0,70597.9,5728.6,5727.1,1717.5,1716.6,1716.8,5009.5,5009.8,5010.0,1713.3,1712.4,1712.6,1680.3,1679.8,1680.2,5353.3,5354.5,27.629999,36.060001
103,103,28761.0,28761.9,1900.9,1900.5,1900.7,1339.3,1339.3,1339.8,8920.9,8922.1,8923.3,1949.1,1948.8,1948.9,4599.8,4600.1,104550.5,104798.3,15846.9,15848.1,15859.1,2762.4,2764.9,2767.3,1654.7,1654.5,1654.5,2590.9,2591.2,2591.1,15741.0,15749.4,24613.4,24640.3,4351.2,4350.8,4351.0,2414.2,2414.9,2416.0,6829.7,6830.2,6830.2,2888.6,2888.3,2889.3,70541.5,70696.8,5728.1,5727.3,1718.3,1717.8,1717.6,5008.2,5008.8,5010.5,1712.4,1711.5,1711.8,1681.0,1679.8,1680.4,5352.8,5353.4,27.650000,35.820000
104,104,28738.5,28758.6,1901.0,1900.8,1900.6,1339.9,1340.0,1340.6,8922.1,8922.7,8922.0,1949.0,1948.4,1948.6,4600.3,4600.5,104502.7,104762.9,15839.3,15860.6,15859.2,2760.4,2763.2,2765.8,1653.6,1653.4,1653.7,2590.0,2590.3,2591.3,15741.4,15747.0,24608.1,24614.2,4355.3,4352.6,4352.6,2413.6,2414.3,2415.3,6821.0,6819.0,6820.0,2888.9,2889.8,2890.2,70506.2,70614.8,5728.7,5728.9,1719.2,1718.6,1719.0,5010.6,5010.7,5010.2,1712.9,1712.1,1712.3,1681.0,1679.9,1679.8,5349.4,5348.4,27.670000,34.060001
105,105,28719.2,28721.5,1898.8,1897.9,1898.2,1338.2,1338.4,1339.0,8913.5,8916.5,8914.5,1943.7,1943.3,1943.1,4597.0,4596.9,104546.8,104732.1,15861.6,15860.5,15859.8,2761.7,2764.6,2767.3,1652.1,1651.9,1652.1,2587.6,2587.1,2587.9,15743.5,15749.8,24571.8,24602.9,4342.0,4341.1,4341.4,2412.4,2413.1,2414.3,6799.5,6800.4,6801.3,2880.9,2881.4,2881.8,70493.5,70574.4,5728.5,5728.9,1717.1,1716.8,1716.7,5004.7,5005.9,5005.6,1713.3,1713.0,1713.0,1681.2,1680.7,1680.6,5351.7,5352.3,27.650000,32.770000
106,106,28749.9,28752.7,1900.9,1900.7,1900.9,1339.8,1339.9,1340.4,8920.2,8920.7,8921.7,1947.9,1947.3,1948.3,4599.4,4599.4,104592.9,104286.7,15855.4,15850.9,15858.1,2762.6,2765.7,2767.9,1653.5,1653.3,1653.4,2589.1,2588.2,2588.4,15747.0,15748.9,24612.4,24598.0,4350.4,4349.6,4350.1,2413.4,2413.8,2414.8,6808.5,6808.5,6808.5,2885.5,2885.8,2886.8,70502.1,70599.5,5724.9,5725.7,1716.4,1715.8,1715.7,5001.3,5001.1,5000.3,1712.8,1712.1,1712.4,1681.5,1681.4,1682.0,5348.6,5347.9,27.660000,33.119999
107,107,28727.7,28738.0,1900.1,1899.6,1899.8,1337.9,1338.6,1338.8,8918.1,8919.0,8918.6,1945.2,1945.6,1945.9,4598.1,4598.5,104637.1,104761.1,15861.9,15857.9,15867.5,2760.8,2763.2,2765.9,1652.8,1652.5,1652.8,2588.7,2588.1,2588.6,15750.2,15754.0,24634.5,24634.4,4352.5,4351.7,4349.9,2412.8,2413.4,2413.9,6796.5,6796.5,6794.2,2878.7,2878.3,2878.1,70460.6,70499.6,5723.4,5721.1,1712.0,1711.2,1711.5,4991.4,4993.0,4993.5,1712.7,1711.9,1712.1,1680.9,1680.3,1680.6,5352.1,5350.2,27.670000,32.900002
108,108,28701.8,28692.6,1897.1,1897.0,1897.3,1332.8,1333.2,1333.8,8908.6,8910.7,8909.6,1937.3,1936.8,1936.9,4592.5,4592.9,104550.5,104769.3,15848.3,15856.2,15859.2,2764.8,2768.1,2770.1,1648.4,1648.5,1648.6,2582.2,2583.0,2583.2,15739.3,15745.1,24603.1,24598.0,4312.3,4312.4,4311.2,2411.2,2411.8,2412.7,6764.1,6766.1,6768.6,2856.0,2856.2,2857.3,70312.5,70532.5,5723.1,5723.9,1713.8,1713.0,1713.3,5004.3,5004.3,5005.9,1713.5,1712.4,1712.9,1680.3,1679.6,1679.6,5350.1,5350.4,27.670000,33.529999
109,109,28742.2,28763.5,1901.2,1900.9,1901.2,1336.8,1336.8,1337.6,8922.4,8924.7,8924.3,1947.1,1947.5,1948.2,4598.9,4598.8,104635.3,104893.6,15864.8,15872.5,15871.4,2764.9,2767.2,2768.8,1653.2,1653.3,1653.3,2590.2,2590.0,2590.6,15749.6,15753.0,24650.2,24624.8,4350.2,4350.5,4351.6,2414.1,2414.7,2415.9,6821.4,6821.8,6822.2,2881.8,2882.5,2883.2,70503.7,70641.1,5728.2,5728.8,1718.7,1717.8,1717.7,5011.3,5012.2,5012.2,1714.1,1713.1,1713.6,1680.6,1680.0,1680.3,5352.5,5354.1,27.690001,36.299999
110,110,28765.9,28764.9,1901.5,1901.1,1901.2,1339.2,1339.3,1339.8,8920.6,8924.3,8923.7,1948.6,1949.4,1949.4,4599.5,4599.4,104546.8,104861.8,15861.6,15856.6,15860.9,2762.2,2765.2,2767.6,1653.4,1653.3,1653.5,2591.0,2590.4,2591.3,15750.4,15764.1,24631.3,24651.1,4351.8,4351.1,4350.0,2413.3,2413.8,2414.9,6805.3,6803.7,6804.4,2879.5,2879.1,2878.9,70498.8,70670.4,5729.0,5729.9,1719.1,1718.4,1718.5,5009.1,5009.0,5009.1,1714.1,1713.3,1713.3,1679.7,1679.6,1679.8,5352.9,5351.9,27.690001,35.130001
111,111,28732.2,28740.1,1898.7,1898.2,1898.5,1337.4,1337.4,1338.0,8911.7,8915.7,8915.3,1942.6,1941.8,1942.0,4595.2,4595.5,104564.9,104878.1,15867.9,15883.9,15881.2,2765.1,2768.2,2770.6,1649.7,1649.7,1649.8,2584.9,2584.5,2585.1,15750.8,15749.5,24627.4,24623.8,4305.6,4305.1,4302.9,2411.1,2411.7,2412.5,6753.7,6754.4,6755.4,2847.8,2848.1,2848.2,70379.5,70431.5,5720.9,5720.3,1712.2,1710.9,1710.9,4992.0,4992.3,4992.3,1712.4,1712.0,1712.0,1680.6,1680.0,1680.6,5347.4,5346.7,27.650000,33.869999
112,112,28703.0,28698.8,1896.8,1896.8,1896.8,1330.9,1331.2,1331.7,8909.3,8909.0,8909.8,1933.7,1933.4,1932.9,4591.5,4591.9,104631.7,104552.3,15885.1,15884.4,15883.4,2769.4,2771.4,2774.4,1647.6,1647.7,1647.9,2582.3,2582.4,2583.2,15748.0,15750.9,24602.0,24618.1,4291.3,4292.4,4292.7,2410.9,2411.8,2412.5,6761.9,6764.0,6764.3,2840.0,2841.0,2842.7,70499.6,70502.9,5721.2,5722.0,1709.4,1709.0,1709.4,5001.3,5001.2,5000.8,1713.5,1712.8,1712.8,1681.7,1680.9,1681.2,5348.6,5347.4,27.690001,35.259998
113,113,28735.6,28709.3,1899.3,1898.9,1899.1,1331.8,1332.3,1333.0,8914.8,8916.1,8916.6,1938.5,1938.0,1938.0,4594.3,4594.4,105034.6,104995.4,15876.0,15875.5,15884.1,2769.1,2771.6,2774.0,1649.3,1649.3,1649.6,2582.7,2582.8,2583.3,15748.6,15747.9,24617.8,24610.8,4287.6,4285.4,4286.5,2409.9,2410.7,2411.7,6754.7,6756.1,6759.0,2833.4,2834.2,2835.5,70421.3,70521.4,5720.2,5719.6,1709.9,1709.5,1710.1,5001.8,5002.0,5002.1,1713.8,1713.0,1712.9,1682.0,1681.3,1681.6,5350.8,5350.1,27.719999,38.369999
114,114,28749.2,28750.9,1901.5,1901.1,1901.2,1334.3,1334.6,1335.0,8918.7,8921.4,8920.4,1942.4,1942.5,1942.7,4596.2,4596.7,104478.3,104798.3,15870.6,15879.0,15878.1,2767.9,2771.3,2773.6,1651.6,1651.6,1651.6,2586.3,2586.3,2586.8,15749.4,15753.5,24633.8,24644.9,4301.1,4299.9,4299.4,2411.1,2411.7,2412.4,6767.6,6768.8,6769.5,2838.9,2839.8,2840.5,70418.8,70482.8,5721.6,5720.3,1711.8,1711.1,1711.3,4999.6,4999.6,5000.5,1713.5,1712.7,1712.9,1681.6,1681.0,1680.7,5349.2,5348.1,27.719999,39.180000
115,115,28713.4,28738.7,1899.6,1899.2,1899.5,1333.1,1333.2,1333.8,8913.7,8916.3,8916.8,1939.3,1938.5,1939.7,4594.5,4594.1,104714.9,104722.2,15878.2,15879.5,15873.8,2767.5,2770.2,2773.2,1652.3,1652.4,1652.5,2588.2,2588.3,2588.4,15748.9,15749.3,24657.4,24657.3,4322.9,4321.9,4322.1,2412.6,2413.5,2414.3,6796.8,6799.2,6799.7,2852.6,2854.0,2855.7,70445.1,70509.5,5723.2,5721.6,1713.4,1712.8,1713.1,5006.1,5005.9,5006.9,1714.3,1713.8,1713.6,1681.3,1680.9,1681.4,5350.2,5349.2,27.719999,38.759998
116,116,28734.3,28772.5,1902.8,1902.8,1903.0,1336.9,1337.0,1337.8,8924.3,8928.2,8927.8,1946.5,1946.0,1946.5,4599.1,4599.3,104691.4,104654.3,15871.1,15871.1,15872.7,2764.7,2767.8,2769.8,1656.0,1656.1,1656.3,2593.5,2593.6,2594.3,15756.2,15760.0,24645.9,24640.8,4356.6,4356.1,4357.2,2414.9,2415.5,2416.3,6839.8,6840.3,6840.1,2877.1,2877.1,2878.3,70547.3,70627.5,5725.5,5724.9,1718.1,1717.7,1717.7,5014.2,5014.5,5015.4,1715.1,1714.5,1715.0,1681.3,1680.4,1680.8,5352.8,5356.1,27.719999,38.630001
117,117,28735.0,28762.3,1902.9,1902.5,1902.7,1338.7,1338.9,1339.6,8923.5,8927.7,8927.8,1948.0,1947.4,1947.8,4599.3,4599.5,104301.1,104716.8,15865.0,15881.7,15877.0,2764.2,2767.0,2769.1,1655.7,1655.8,1655.9,2592.9,2592.6,2593.0,15759.7,15759.5,24669.0,24648.0,4357.0,4356.6,4356.4,2413.7,2414.6,2415.6,6823.6,6820.8,6821.9,2873.3,2873.7,2874.0,70510.3,70691.0,5724.5,5724.5,1717.0,1715.5,1715.8,5005.4,5004.4,5005.1,1714.7,1714.1,1714.8,1681.2,1680.4,1680.6,5351.5,5345.7,27.719999,36.310001
118,118,28702.7,28720.9,1900.6,1900.0,1900.5,1336.1,1336.2,1336.8,8916.5,8918.8,8918.7,1940.8,1940.0,1941.1,4595.9,4595.8,104568.5,104750.3,15854.0,15860.2,15867.2,2765.5,2768.6,2771.2,1652.1,1652.0,1652.3,2587.3,2587.2,2587.6,15746.7,15749.3,24627.3,24619.0,4319.8,4317.7,4317.8,2411.3,2411.8,2412.9,6778.4,6778.9,6779.9,2849.7,2850.5,2850.9,70410.7,70524.7,5721.1,5721.4,1713.3,1712.7,1713.0,4999.8,4999.0,4999.2,1714.2,1713.6,1713.6,1682.0,1681.1,1681.3,5351.5,5352.3,27.719999,34.669998
119,119,28700.5,28720.1,1900.2,1899.6,1899.8,1333.3,1333.6,1334.1,8913.8,8915.6,8917.2,1937.0,1936.6,1937.1,4593.9,4594.2,104489.1,104782.0,15863.4,15852.3,15855.0,2768.9,2771.8,2774.1,1654.4,1654.4,1654.8,2591.4,2591.6,2592.6,15754.6,15760.4,24674.4,24675.3,4342.9,4343.3,4343.8,2413.7,2414.2,2415.2,6821.1,6823.2,6824.2,2863.5,2864.2,2865.6,70539.9,70588.0,5721.1,5722.9,1711.4,1710.3,1711.2,4999.6,4999.1,5000.6,1713.9,1713.1,1713.3,1681.0,1681.0,1681.1,5349.6,5349.1,27.719999,35.919998
